Workbook

Sheet Games
B1: Date | C1: Name | D1: Link | E1: Engine | F1: Type | G1: Visuals | H1: Status | I1: Main Tags | J1: Pat | K1: Mon | L1: Info
B2: 45136 | C2: Complex Society [v1.00.1b] [AbrokenA Productions] | D2: Here | E2: Ren'Py | F2: Sandbox | G2: Koikatsu | H2: Completed | I2: Harem, Big Tits, Male Protagonist, Milf, Incest | J2: 63 | K2: 326
B3: 45242 | C3: Waifu Slut School [v0.3.1] [mikiraus] | D3: Here | E3: Ren'Py | F3: Sandbox | G3: Koikatsu | H3: Active | I3: Animated, Male Protagonist, Vaginal Sex, Groping, Big Tits
B4: 44728 | C4: Alternative Universe [Demo] [EchoWix Games] | D4: Here | E4: Ren'Py | F4: Sandbox | G4: Koikatsu | H4: Abandoned | I4: Multiple Protagonist, Harem, Point & Click, Puzzle, POV | M4: x
B5: 44862 | C5: Greener Pastures [v0.13.5] [arcaos] | D5: Here | E5: Ren'Py | F5: Sandbox | G5: Koikatsu | H5: Completed | I5: Monster Girl, Pregnancy, Male Domination, Group Sex, Harem | J5: 98 | K5: 414
B6: 45215 | C6: Peerless Lust [v0.29 Public] [Darx24] | D6: Here | E6: Ren'Py | F6: Sandbox | G6: Koikatsu | H6: Active | I6: Harem, Animated, Group Sex, Lesbian, Milf | J6: 99 | K6: 462
B7: 44724 | C7: Harem Impact [v0.2] [RayAsher] | D7: Here | E7: Ren'Py | F7: Sandbox | G7: Koikatsu | H7: Active | I7: Animated, Male Protagonist, Romance, Adventure, Harem | J7: 4 | K7: 19
B8: 45150 | C8: Afterlife Harem [v0.3.9 Public] [Aph] | D8: Here | E8: Ren'Py | F8: Sandbox | G8: Koikatsu | H8: Active | I8: Dating Sim, Harem, RGP, Superpowers, Vaginal sex | J8: 195 | K8: 1273
A9: D | B9: 45203 | C9: My Hero Rising [v0.67] [Daraus] | D9: Here | E9: Ren'Py | F9: Sandbox | G9: Koikatsu | H9: Active | I9: Harem, Animated, Dating Sim, Parody, Corruption | J9: 225 | K9: 1090
B10: 45186 | C10: Love at First Tail [v0.4.3.1] [MrDracosaurus] | D10: Here | E10: Ren'Py | F10: Sandbox | G10: Koikatsu | H10: Active | I10: 3DCG, Romance, Furry, Monster Girl, Multiple endings | J10: 209 | K10: 689 | L10: Euros
B11: 45205 | C11: Falling Stars [v0.7.2.] [nyatd] | D11: Here | E11: Ren'Py | F11: Sandbox | G11: Koikatsu | H11: Active | I11: Humor, Harem, Romance, Group Sex, Male Protagonist | J11: 9 | K11: 51
B12: 44975 | C12: Black Rabbit Trainer [v0.4.0] [Jellyfluff Games] | D12: Here | E12: Ren'Py | F12: Sandbox | G12: Koikatsu | H12: Active
B13: 45243 | C13: Corrupted Kingdoms [v0.20.3] [ArcGames] | D13: Here | E13: Ren'Py | F13: Sandbox | G13: Koikatsu | H13: Active | I13: Harem, Corruption, Fantasy, Mind Control, Monster Girl | J13: 3840 | K13: 9057
B14: 45129 | C14: Reboot Love Part 2 [v2.6.7] [Reboot Love] | D14: Here | E14: Ren'Py | F14: Sandbox | G14: Koikatsu | H14: Active | I14: Pregnancy, Harem, Animated, Male protagonist, Superpowers | J14: 96 | K14: 618
B15: 45181 | C15: Adventurer Trainer [v0.1.7] [PastryIRL] | D15: Here | E15: Ren'Py | F15: Sandbox | G15: Koikatsu | H15: Active | I15: RPG, Fantasy, Humor, Harem, Parody | J15: 102
B16: 45112 | C16: Demons of the Hearth [v0.7.51] [Konvel] | D16: Here | E16: Ren'Py | F16: Sandbox | G16: Koikatsu | H16: Active | I16: Harem, Fantasy, Graphic Violence, Dating Sim, Superpowers
B17: 45193 | C17: Scarlet Law [v0.3.13] [JYP Games] | D17: Here | E17: Ren'Py | F17: Sandbox | G17: Koikatsu | H17: Active
B18: 45181 | C18: Fantasy Opposite [v0.4.1] [ThirtySevenGaming] | D18: Here | E18: Ren'Py | F18: Sandbox | G18: Koikatsu | H18: Active | I18: Furry, Shota, Milf, Futa/Trans, Incest | J18: 36 | K18: 171
B19: 45235 | C19: Lust Age [v0.17.0] [Keisi] | D19: Here | E19: Ren'Py | F19: Sandbox | G19: Koikatsu | H19: Active | I19: Harem, Male Protagonist, Teasing, RPG, Humor | J19: 39 | K19: 1109 | L19: Euros
B20: 44813 | C20: I'm a Pimp in Another World [v0.3] [Arinasa] | D20: Here | E20: Ren'Py | F20: Sandbox | G20: Koikatsu | H20: Active
B21: 45170 | C21: Harem Residence [v0.111] [Vendena] | D21: Here | E21: Ren'Py | F21: Sandbox | G21: Koikatsu | H21: Active
B22: 45092 | C22: Genex Love [v0.3.5b] [Reboot Love] | D22: Here | E22: Ren'Py | F22: Visual Novel | G22: Koikatsu | H22: Active | I22: Harem, Animated, Male protagonist, Superpowers, Romance | J22: 96 | K22: 618
B23: 45246 | C23: Konoha Training [Ch.2 v0.7] [KonohaTraining] | D23: Here | E23: Ren'Py | F23: Sandbox | G23: Koikatsu | H23: Active | I23: Pregnancy, Harem, Corruption, Mind control, Male protagonist
A24: D | B24: 44923 | C24: Champion of Realms [v0.74 Public] [Zimon] | D24: Here | E24: Ren'Py | F24: Sandbox | G24: Koikatsu | H24: Active | I24: Monster Girl, Harem, Romance, Animated, Adventure | L24: Drama
B25: 45106 | C25: Melatonin Magiks [Ch.3 v3.0 Public] [LaCokaGaming] | D25: Here | E25: Ren'Py | F25: Sandbox | G25: Koikatsu | H25: Active | I25: Harem, Fantasy, Sci-fi, Group sex, Monster girl | J25: 42 | K25: 198
B26: 45202 | C26: Wolf Complex [v0.9.1] [RecentlyLuckyMan] | D26: Here | E26: Ren'Py | F26: Sandbox | G26: Koikatsu | H26: Active | I26: Incest, Simulator, Male Protagonist, 3DCG, Animated
B27: 44966 | C27: Last Wish [v0.3] [Avian] | D27: Here | E27: Ren'Py | F27: Sandbox | G27: Koikatsu | H27: Active | I27: Harem, Fantasy, Romance, Humor, Creampie | J27: 7 | K27: 37
B28: 45160 | C28: School of Love: Clubs! [v0.1.8.5] [NijuKozo] | D28: Here | E28: Ren'Py | F28: Sandbox | G28: Koikatsu | H28: Active
B29: 45157 | C29: Lewd Town Adventures [v0.14.3] [Jamleng Games] | D29: Here | E29: Ren'Py | F29: Sandbox | G29: Koikatsu | H29: Active | I29: Humor, Corruption, Drugs, Pregnancy, Incest | L29: +1Kp Sub
B30: 44931 | C30: Lessons in Love [v0.28.0] [Selebus] | D30: Here | E30: Ren'Py | F30: Sandbox | G30: Koikatsu | H30: Active
B31: 44964 | C31: Vixens Tail: Duskvale [v1.0] [Fluxcarnal] | D31: Here | E31: Ren'Py | F31: Sandbox | G31: Koikatsu | H31: Completed | I31: Futa/trans, Futa/trans Protagonist, Adventure, Monster Girl, Fantasy | J31: 0 | K31: 0 | L31: No $
B32: 44637 | C32: Alter Love [v0.0.1] [ChicoNet] | D32: Here | E32: Ren'Py | F32: Sandbox | G32: Koikatsu | H32: Abandoned | I32: Corruption, Harem, Incest, Teasing, Voyeurism | J32: Temi
B33: 44636 | C33: Changing Life [v0.4.1] [WombatGames] | D33: Here | E33: Ren'Py | F33: Sandbox | G33: Koikatsu | H33: Abandoned
B34: 45199 | C34: HS Tutor [v0.15.0] [TK8000] | D34: Here | E34: Ren'Py | F34: Sandbox | G34: Koikatsu | H34: Active
B35: 44959 | C35: Depraved Town: Remake [v0.3.0] [JustAnotherDegenerate] | D35: Here | E35: Ren'Py | F35: Sandbox | G35: Koikatsu | H35: Active | I35: 3DCG, Incest, Corruption, Harem, Milf | J35: 45
B36: 44617 | C36: Symphonic Love [v0.5] [IndieGO Studios] | D36: Here | E36: Ren'Py | F36: Sandbox | G36: Koikatsu | H36: Abandoned | I36: Dating Sim, Vaginal, Creampie, Gay, Male Protagonist
B37: 44776 | C37: ISOR [v0.7 Bugfix] [Mystic CRO] | D37: Here | E37: Ren'Py | F37: Sandbox | G37: Koikatsu | H37: Active | I37: Harem, Romance, Fantasy, Animated, Loli | J37: 22
B38: 44928 | C38: Hom Factory: My Monster Girl Tower [v3.0.1] [Hom Factory Devs] | D38: Here | E38: Ren'Py | F38: Sandbox | G38: Koikatsu | H38: Abandoned | I38: Harem, Adventure, Fantasy, Group Sex, Monster Girl | J38: 21 | K38: 122
B39: 44597 | C39: Morgan and Pestle [v0.1] [cyborgturtle] | D39: Here | E39: Ren'Py | F39: Sandbox | G39: Koikatsu | H39: Active | I39: Futa/trans, Transformation, Big Tits, Big Ass, Monster Girl
B40: 44927 | C40: Twisted World [v0.7.2] [SnatsGames] | D40: Here | E40: Ren'Py | F40: Sandbox | G40: Koikatsu | H40: Active
B41: 45136 | C41: Android LIFE [v0.4.1.1] [MateDolce] | D41: Here | E41: Ren'Py | F41: Visual Novel | G41: Traced | H41: Active | I41: 2DCG, Male Protagonist, Romance, Female Domination, Animated | J41: 147 | K41: 651
B42: 44756 | C42: In Another World [v0.1.0] [HND] | D42: Here | E42: Ren'Py | F42: Sandbox | G42: Koikatsu | H42: Active
B43: 44908 | C43: Parody Sex Life [v0.40] [ParadiceZone] | D43: Here | E43: Ren'Py | F43: Sandbox | G43: Koikatsu | H43: Active
B44: 45067 | C44: Depraved Town: Remake [v0.4 Remake] [JustAnotherDegenerate] | D44: Here | E44: Ren'Py | F44: Sandbox | G44: Koikatsu | H44: Active | I44: 3DCG, Female Protagonist, Incest, Corruption, Lesbian | J44: 45
B45: 44372 | C45: Overlord H [R48] [Winterfire] | D45: Here | E45: Ren'Py | F45: Sandbox | G45: Koikatsu | H45: Completed | I45: Harem, Male Protagonist, Parody, Pregnancy, Monster Girl | J45: 138 | K45: 643
B46: 44351 | C46: Poke-Ball Academia 2 [Final] [ZaneSFM] | D46: Here | E46: Ren'Py | F46: Sandbox | G46: Koikatsu | H46: Completed
B47: 44850 | C47: Reboot Love 1 More Time [v0.9.98] [Reboot Love] | D47: Here | E47: Ren'Py | F47: Visual Novel | G47: Koikatsu | H47: Completed | I47: Incest, RPG, Superpowers, Male protrogonist, Romance | J47: 96 | K47: 618
B48: 45214 | C48: Trouble in Paradise [v1.4 Part 2] [Syko134] | D48: Here | E48: Ren'Py | F48: Visual Novel | G48: Koikatsu | H48: Active | I48: Incest, Harem, Humor, Superpowers, Animated | J48: 155 | K48: 789
B49: 45235 | C49: ImoTsuyo: If It's for My Young Sister, I'll Be Stronger [v0.14] [otaku_argento] | D49: Here | E49: Ren'Py | F49: Visual Novel | G49: Koikatsu | H49: Active | I49: 3DCG, Kinetic Novel, Male Protagonist, Romance, School setting | J49: 4
A50: D | B50: 45220 | C50: Literature Hentai Club [v0.39] [Daraus] | D50: Here | E50: Ren'Py | F50: Visual Novel | G50: Koikatsu | H50: Active | I50: Harem, Animated, Dating Sim, Parody, Corruption | J50: 225 | K50: 1090
B51: 45025 | C51: Pokégirl Paradise [v0.9] [slormo] | D51: Here | E51: Ren'Py | F51: Visual Novel | G51: Koikatsu | H51: Active
B52: 45241 | C52: Somatra Rmk [v1.2.0] [Somatra] | D52: Here | E52: Ren'Py | F52: Visual Novel | G52: Koikatsu | H52: Active
B53: 45224 | C53: Granter of Your Desires - R [v0.14 Demo] [MaxCoffee] | D53: Here | E53: Ren'Py | F53: Sandbox | G53: Koikatsu | H53: Active
B54: 44728 | C54: AdventureStudio [2022-06-16] [AdventureStudio] | D54: Here | E54: Ren'Py | F54: Collection | G54: Koikatsu | H54: Abandoned
B55: 44808 | C55: The Young Master [v0.03 Public] [Purunga] | D55: Here | E55: Ren'Py | F55: Visual Novel | G55: Koikatsu | H55: Active
B56: 45242 | C56: Takei's Journey [v0.21 Part 2] [Ferrum] | D56: Here | E56: Ren'Py | F56: Sandbox | G56: Koikatsu | H56: Active | I56: Harem, Corruption, Romance, Milf, Loli | J56: 190
A57: D | B57: 44939 | C57: Training Slayer [v21.0] [BokunDev] | D57: Here | E57: Ren'Py | F57: Visual Novel | G57: Koikatsu | H57: Active | I57: Dating Sim, Harem, Animated, Corruption, Male Protagonist | J57: 124 | K57: 650
A58: I | B58: 44726 | C58: Man Of Culture [Ch. 3] [mryourass] | D58: Here | E58: Ren'Py | F58: Visual Novel | G58: Koikatsu | H58: Active
B59: 44725 | C59: Heavenly Peaks Cultivation [v2.0] [My Big Little Brother] | D59: Here | E59: Ren'Py | F59: Visual Novel | G59: Koikatsu | H59: Active | I59: Harem, Creampie, Anal, Adventure, Fantasy | J59: 50 | K59: 159
B60: 45109 | C60: The Nobody in a Hero's World [Ep. 1 Part 3] [DuckDevGames] | D60: Here | E60: Ren'Py | F60: Visual Novel | G60: Koikatsu | H60: Active | I60: Harem, Fantasy, Humor, Vaginal Sex, Romance
B61: 45244 | C61: From the Eclipse [v0.3.2s] [Erochaser] | D61: Here | E61: Ren'Py | F61: Sandbox | G61: Koikatsu | H61: Active
B62: 44927 | C62: BattleArenaReyka [v0.0.2] [Artisnal Depravity] | D62: Here | E62: Ren'Py | F62: Sandbox | G62: Koikatsu | H62: Active | I62: Female Domination, Female Protagonist , Lesbian, Turn Based Combat, RPG
B63: 44910 | C63: All Demons Go to Heaven [v10.0.0] [Sedhaild] | D63: Here | E63: Ren'Py | F63: Visual Novel | G63: COM3D2 | H63: Completed | I63: Harem, Fantasy, Humor, Vaginal Sex, Corruption | J63: 25 | K63: 62
A64: P | B64: 45026 | C64: New Life [v1.0] [SheepyWorksGames] | D64: Here | E64: Ren'Py | F64: Visual Novel | G64: Koikatsu | H64: Completed
B65: 45243 | C65: My Time with You [Book 2 Ch.23] [EoloStudios] | D65: Here | E65: Ren'Py | F65: Visual Novel | G65: Koikatsu | H65: Active | I65: Harem, Fantasy, Romance, Humor, Creampie | J65: 44 | K65: 195
B66: 44718 | C66: Delusion [v0.3] [Shirahoshi Studio] | D66: Here | E66: Ren'Py | F66: Visual Novel | G66: Koikatsu | H66: Active
B67: 45245 | C67: Crimson High [v0.29.1] [Vertigo] | D67: Here | E67: Ren'Py | F67: Visual Novel | G67: Koikatsu | H67: Active | I67: Harem, Fantasy, Romance, Monster Girl, Humor
B68: 45117 | C68: Sensei Overnight [v0.18.0] [Pers0nas] | D68: Here | E68: Ren'Py | F68: Visual Novel | G68: Koikatsu | H68: Active
A69: D | B69: 45062 | C69: Free Use Planet [v0.21.0] [Kyuso] | D69: Here | E69: Ren'Py | F69: Visual Novel | G69: Koikatsu | H69: Active | I69: Harem, Animated, Creampie, Incest, POV
B70: 44713 | C70: God & Void [v0.1.6.B1] [Elrath Creations] | D70: Here | E70: Ren'Py | F70: Visual Novel | G70: Koikatsu | H70: Abandoned
B71: 45231 | C71: Surrendering to My Crush [v1.11] [BolskanLewd] | D71: Here | E71: Ren'Py | F71: Visual Novel | G71: Koikatsu | H71: Active | I71: Female Domination, Sissification, Slave, Male Protagonist, Footjob | J71: 80 | K71: 524 | L71: Euros
A72: I | B72: 45238 | C72: Goddesses' Whim [v0.3.1 Public] [Ncrow] | D72: Here | E72: Ren'Py | F72: Visual Novel | G72: Koikatsu | H72: Active
B73: 45207 | C73: Shy Girl [v0.84] [ShyGirlArt] | D73: Here | E73: Ren'Py | F73: Visual Novel | G73: Koikatsu | H73: Active
B74: 44707 | C74: Memories of a Dream [v0.3] [memori-dev] | D74: Here | E74: Ren'Py | F74: Visual Novel | G74: Koikatsu | H74: Abandoned
A75: I | B75: 44705 | C75: One Piece: Lost at Sea [v0.1a] [Dochino] | D75: Here | E75: Ren'Py | F75: Visual Novel | G75: Koikatsu | H75: Abandoned
A76: I | B76: 44702 | C76: Tutor 2: Still Hard at Work [v1.2] [NephremKa] | D76: Here | E76: Ren'Py | F76: Visual Novel | G76: Koikatsu | H76: Active
B77: 45238 | C77: Summer MC: That Time I Found a Magic Hypno Book [v0.12.5] [Hypnoink] | D77: Here | E77: Ren'Py | F77: Visual Novel | G77: Koikatsu | H77: Active
B78: 45083 | C78: Sexual Interest [v0.4.0] [Armoreau] | D78: Here | E78: Ren'Py | F78: Visual Novel | G78: Koikatsu | H78: Active
B79: 45098 | C79: Failing to Fathom [v0.4.5] [TwoHands] | D79: Here | E79: Ren'Py | F79: Visual Novel | G79: Koikatsu | H79: Active
B80: 45184 | C80: Klee Prank Adventure [v1.15] [Pinkmochidango] | D80: Here | E80: Ren'Py | F80: Visual Novel | G80: Koikatsu | H80: Active | I80: Corruption, Blackmail, Voyeurism, Parody, Female Protagonist | J80: 276 | K80: 721
A81: I | B81: 45079 | C81: Fantasy School [v0.9] [Darklender Studios] | D81: Here | E81: Ren'Py | F81: Visual Novel | G81: Koikatsu | H81: Active
A82: I | B82: 45177 | C82: Perfect Family [Update 7] [POHG] | D82: Here | E82: Ren'Py | F82: Sandbox | G82: Koikatsu | H82: Active
A83: I | B83: 44690 | C83: Crystal Minds [v0.2] [kunyoby] | D83: Here | E83: Ren'Py | F83: Visual Novel | G83: Koikatsu | H83: Abandoned
B84: 45083 | C84: Keepers 1: Revolution [v1.1] [Lumari] | D84: Here | E84: Ren'Py | F84: Visual Novel | G84: Koikatsu | H84: Completed | I84: Female Protagonist, Fantasy, Futa/Trans, Lesbian, Corruption | J84: 0 | K84: 0 | L84: No $
B85: 45053 | C85: A Better Place [Ch. 4] [TheLostOne] | D85: Here | E85: Ren'Py | F85: Visual Novel | G85: Koikatsu | H85: Active | I85: Male Protagonist, Group Sex, Romance, Lesbian, Voyeurism | J85: 15 | K85: 85
B86: 44885 | C86: Dreamland Wanderer [Ch.3 - Anniversary Update] [Shli] | D86: Here | E86: Ren'Py | F86: Visual Novel | G86: Koikatsu | H86: Active | I86: Incest, Harem, Anal Sex, Romance, Fantasy | J86: 13 | K86: 68 | L86: Euros
A87: D | B87: 45202 | C87: Jump Harem [v0.52] [Arkleoff] | D87: Here | E87: Ren'Py | F87: Visual Novel | G87: Koikatsu | H87: Active | I87: Harem, Parody, Male Protagonist, Group Sex, Teasing | J87: 149 | K87: 668
B88: 45036 | C88: Natsumi Love Story [v0.4.6] [Steradianfauns] | D88: Here | E88: Ren'Py | F88: Visual Novel | G88: Koikatsu | H88: Active | I88: Incest, Harem, Male Protagonist, School Settings, Romance | J88: 13 | K88: 25
B89: 45021 | C89: NSFW: Natural Selection Female Wrestling [Final] [NSFW Gamer] | D89: Here | E89: Ren'Py | F89: Visual Novel | G89: Koikatsu | H89: Completed | I89: Incest, Male Protagonist, Animated, Big Tits, Lesbian | J89: 51 | K89: 289
A90: D | B90: 45065 | C90: My Second Family [v0.19.0] [Kyuso] | D90: Here | E90: Ren'Py | F90: Visual Novel | G90: Koikatsu | H90: Active | I90: Harem, Animated, Creampie, Incest, POV | J90: 207
B91: 44690 | C91: Can You HEAL Me!? [Ep. 1] [AstRider] | D91: Here | E91: Ren'Py | F91: Visual Novel | G91: Koikatsu | H91: Active | I91: Dating Sim, Romance, Voiced, Graphical Violence, Virgin
B92: 44678 | C92: Zap [v0.4] [Spoinker] | D92: Here | E92: Ren'Py | F92: Visual Novel | G92: Koikatsu | H92: Abandoned | I92: 3DCG, Superpowers, Male Protagonist, Multiple Ending, Female Domination
B93: 45240 | C93: Artificial Awakening [v0.10.1] [ShinyDarkRai] | D93: Here | E93: Ren'Py | F93: Visual Novel | G93: Koikatsu | H93: Active | I93: Male Protagonist, POV, School Setting, Animated, Sci-fi | J93: 3
B94: 44787 | C94: Kana Sensei [v0.3.1.1 Public] [Kana] | D94: Here | E94: Ren'Py | F94: Visual Novel | G94: Koikatsu | H94: Active | I94: Spanking, Animated, Female Protagonist, Humiliation, and School Setting
B95: 44771 | C95: 5 Powers [Final] [IceCreamParty] | D95: Here | E95: Ren'Py | F95: Visual Novel | G95: Koikatsu | H95: Completed | I95: Animated, POV, Titfuck, Harem, Humor | J95: 8 | K95: 6
B96: 45193 | C96: The Daily Life of the Pan Hero [v0.6.1] [Steradianfauns] | D96: Here | E96: Ren'Py | F96: Visual Novel | G96: Koikatsu | H96: Active | I96: Incest, Harem, Male Protagonist, Fantasy, Romance
B97: 45181 | C97: Ero Ero No Mi: The Great Adventure [Ch.7] [kraguto games] | D97: Here | E97: Ren'Py | F97: Visual Novel | G97: Koikatsu | H97: Active | I97: Parody, Harem, Male Protagonist, Animated, Vaginal Sex | J97: 88
A98: D | B98: 44664 | C98: Ways of the Hero [v1.0] [Dr. Peanut] | D98: Here | E98: Ren'Py | F98: Visual Novel | G98: Koikatsu | H98: Abandoned | I98: School Setting, Exhibitionism ,Animated, Oral Sex, Prostitution
B99: 45164 | C99: How I Became the Bodyguard of the Saintess! [v0.5] [Lunardis] | D99: Here | E99: Ren'Py | F99: Visual Novel | G99: Koikatsu | H99: Active | I99: Fantasy, Romance, Humor, Incest, Superpowers | J99: 8 | K99: 21 | L99: Euros
B100: 44654 | C100: I Want to Dream [v1.0] [Yost] | D100: Here | E100: Ren'Py | F100: Visual Novel | G100: Koikatsu | H100: Abandoned
...

Sheet Information
B2: Date | C2: Green color: It means that it's the game's release and still has no updates at the moment of updating the doc.
C3: Grey/No color: The last time the game was updated at the momento of updating the doc, The date will be changed only once per month.
C4: Note: Some games were released as Complete games. Those games's date aren't in green color.
B6: Name | C6: The name is a copy-paste of however the game was titled at the moment. The version number might be outdated but the Date should be always the right one.
B8: Type | C8: Visual Novel: Game with VN format. It can be kinetic or not, it can be more or less linear, it can have minigames or not, but it doesn't use the classic "Sandbox" map.
C9: Sandbox: Game which features a map where the player can go to different places and interact with different things.
C10: RPG: Game with a RPG style but without TBC as one of its gameplay mechanics.
C11: TBC: Games with a Turn Based Combat system as one of its gameple mechanics.
C12: Management: Game which focuses on the management of resources in order to progress the game.
C13: Simulator: Games designed to closely simulate real world activities. It can be used for fantasy activities as well as long as it tries to present a "realistic look" of said activity.
C14: Collection: A collection of games in one thread which may or may not fit into various of the already mentioned categories.
C15: ----: Games who's type couldn't be defined.
C16: Note: Game's type are associated, but not limited, to engines. It's normal to find a Ren'Py VN and RPGM TBC, but it's also possible to find Ren'Py TBC and RPGM VN.
B18: Visuals | C18: Koikatsu: Games done using the Koikatsu, as simple as that.
C19: COM3D2: Games done with Custom Order Maid 3D2.
C20: Others: Games done with other games/softwares but still too irrelevant to have its own tag. Some examples right now are VROID, HM, 3DCG.
C21: Undefined: Games done with an unidentified game/software or original software.
C22: Traced: Games dones with any of the already mentioned categories but the developers draws or "traces" on the CGs to imprint a more 2D/original style on the final product.
C23: AI: Games done with AI but the developer uses Koikatu/COM32D CGs to feed the AI
B25: Status | C25: The status it's the same of F95's thread at the moment of the last time I updated the game in the list, unless I have the word of the dev stating something different.
B27: Main Tags | C27: I asked almost all devs on the list to describe their games using only 5 tags, not all of them replied. Other games are tagged thanks to "hardcore fans" in each game's thread who replied my question. Other games are tagged by me after playing them.
B30: Filters | C30: For a simple A-Z or Z-A order you can use the box next to the column's letter. If you want to filter things by categories, click the Filter icon next to the Printer in the up_left corner and check/uncheck the categories. If you want to undo any filters/order, click on the X in the up_right corner.
B33: General Note | C33: The unfiltered order is the one in the main F95 thread at the moment of making this Google Sheet. Games released after that will go to the botton of the list.
B35: Submit your tags | C35: If you are a developer and I haven't contacted you yet, please DM Adabelitoo in F95zone | I35: Last Date and Status check: 2023-01-10
I36: Last Total Status check: 2023-05-04

Sheet Private
A2: =AVERAGE(Games!J:J) -> 138.59091 | B2: Promedio patreons ciego | D2: =AVERAGE(Games!K:K) -> 556.74074 | E2: Promedio dinero ciego
A3: =MAX(Games!J:J) -> 3840 | B3: Max patreons | D3: =MAX(Games!K:K) -> 9057 | E3: Max dinero
A5: =COUNTIFS(Games!J:J,">=1",Games!J:J,"<=50") -> 28 | B5: Cant patreon entre 1-50 | D5: =COUNTIFS(Games!K:K,">=1",Games!K:K,"<=50") -> 9 | E5: Cant dinero entre 1-50
A6: =COUNTIFS(Games!J:J,">=51",Games!J:J,"<=100") -> 11 | B6: Cant patreon entre 51-100 | D6: =COUNTIFS(Games!K:K,">=51",Games!K:K,"<=100") -> 4 | E6: Cant dinero entre 50-100
A7: =COUNTIFS(Games!J:J,">=101",Games!J:J,"<=150") -> 7 | B7: Cant patreon entre 101-150 | D7: =COUNTIFS(Games!K:K,">=1001",Games!K:K,"<=2000") -> 4 | E7: Cant dinero entre 101-200
A8: =COUNTIFS(Games!J:J,">=151",Games!J:J,"<=200") -> 5 | B8: Cant patreon entre 151-200 | D8: =COUNTIFS(Games!K:K,">=201",Games!K:K,"<=300") -> 2 | E8: Cant dinero entre 201-300
A9: =COUNTIFS(Games!J:J,">=201",Games!J:J,"<=250") -> 6 | B9: Cant patreon entre 201-250 | D9: =COUNTIFS(Games!K:K,">=301",Games!K:K,"<=400") -> 1 | E9: Cant dinero entre 301-400
A10: =COUNTIFS(Games!J:J,">=251",Games!J:J,"<=300") -> 1 | B10: Cant patreon entre 251-300 | D10: =COUNTIFS(Games!K:K,">=401",Games!K:K,"<=500") -> 2 | E10: Cant dinero entre 401-500
A11: =COUNTIFS(Games!J:J,">=301",Games!J:J,"<=400") -> 0 | B11: Cant patreon entre 301-400 | D11: =COUNTIFS(Games!K:K,">=501",Games!K:K,"<=750") -> 16 | E11: Cant dinero entre 501-750
A12: =COUNTIFS(Games!J:J,">=401",Games!J:J,"<=500") -> 1 | B12: Cant patreon entre 401-500 | D12: =COUNTIFS(Games!K:K,">=751",Games!K:K,"<=1000") -> 1 | E12: Cant dinero entre 751-1000
A13: =COUNTIFS(Games!J:J,">=501",Games!J:J,"<=750") -> 0 | B13: Cant patreon entre 501-750 | D13: =COUNTIFS(Games!K:K,">=1001",Games!K:K,"<=2000") -> 4 | E13: Cant dinero entre 1001-2000
A14: =COUNTIFS(Games!J:J,">=751",Games!J:J,"<=1000") -> 0 | B14: Cant patreon entre 751-1000 | D14: =COUNTIFS(Games!K:K,">=2001",Games!K:K,"<=3000") -> 1 | E14: Cant dinero entre 2001-3000
A15: =COUNTIFS(Games!J:J,">=1001",Games!J:J,"<=1500") -> 0 | B15: Cant patreon entre 1001-1500 | D15: =COUNTIFS(Games!K:K,">=3001",Games!K:K,"<=5000") -> 0 | E15: Cant dinero entre 3001-5000
A16: =COUNTIFS(Games!J:J,">=1501",Games!J:J,"<=2000") -> 0 | B16: Cant patreon entre 1501-2000 | D16: =COUNTIFS(Games!K:K,">=5001",Games!K:K,"<=7000") -> 0 | E16: Cant dinero entre 5001-7000
A17: =COUNTIF(Games!J:J,">=2001") -> 1 | B17: Cant patreon 2001 o mas | D17: =COUNTIF(Games!K:K,">=7001") -> 1 | E17: Cant dinero 7001 o mas
